,Neighborhood,Neighborhood Latitude,Neighborhood Longitude,Venue,Venue Latitude,Venue Longitude,Venue Category
74,"Kingsbridge, Bronx",40.88168737120521,-73.90281798724604,Mon Amour Coffee & Wine,40.88500863418534,-73.90033222698838,Coffee Shop
133,"Marble Hill, Manhattan",40.87655077879964,-73.91065965862981,Starbucks,40.87753134921497,-73.90558216359267,Coffee Shop
140,"Marble Hill, Manhattan",40.87655077879964,-73.91065965862981,Starbucks,40.873754554218515,-73.90861305343668,Coffee Shop
180,"Norwood, Bronx",40.87722415599446,-73.8793907395681,Nicky's Coffee Shop,40.874932786273384,-73.87940404957489,Coffee Shop
244,"Pelham Parkway, Bronx",40.85741349808865,-73.85475564017999,Liberty Donut & Coffee Shop,40.85533922011825,-73.85533281832504,Coffee Shop
470,"West Farms, Bronx",40.83947505672653,-73.87774474910545,Prospect Coffee Shop,40.83757698149015,-73.88083923833605,Coffee Shop
630,"Throgs Neck, Bronx",40.81510925804005,-73.81635002158441,The Miles Coffee Bar,40.81946172710321,-73.81735175518574,Coffee Shop
715,"Van Nest, Bronx",40.84360847124718,-73.8662991807561,Conti's Pastry Shoppe,40.845905639607956,-73.86283608706798,Coffee Shop
748,"Morris Park, Bronx",40.847549063536334,-73.85040178030421,La Casa Del Caffe,40.84867491944407,-73.85497310878064,Coffee Shop
809,"Belmont, Bronx",40.85727710073895,-73.88845196134804,Starbucks,40.86063643,-73.89027008,Coffee Shop
828,"Belmont, Bronx",40.85727710073895,-73.88845196134804,Starbucks,40.861106,-73.886148,Coffee Shop
872,"North Riverdale, Bronx",40.90854282950666,-73.90453054908927,Noni's Coffee Shop,40.90735450795435,-73.90416054486849,Coffee Shop
953,"Edgewater Park, Bronx",40.821986118163494,-73.81388514428619,The Miles Coffee Bar,40.81946172710321,-73.81735175518574,Coffee Shop
971,"Edgewater Park, Bronx",40.821986118163494,-73.81388514428619,Bridges,40.818697,-73.817371,Coffee Shop
1082,"Bay Ridge, Brooklyn",40.625801065010656,-74.03062069353813,Caffe Café,40.62494582940274,-74.03040439118276,Coffee Shop
1178,"Bensonhurst, Brooklyn",40.61100890202044,-73.99517998380729,Caffe Romeo,40.60973171462955,-73.98976639889126,Coffee Shop
1239,"Greenpoint, Brooklyn",40.7302009848647,-73.95424093127393,Homecoming,40.72969603048622,-73.95752484054493,Coffee Shop
1251,"Greenpoint, Brooklyn",40.7302009848647,-73.95424093127393,Maman,40.730427,-73.958035,Coffee Shop
1256,"Greenpoint, Brooklyn",40.7302009848647,-73.95424093127393,odd fox,40.73267268846633,-73.95454999352046,Coffee Shop
1259,"Greenpoint, Brooklyn",40.7302009848647,-73.95424093127393,Upright Coffee,40.72933199515132,-73.9538915154595,Coffee Shop
1272,"Greenpoint, Brooklyn",40.7302009848647,-73.95424093127393,Café de Colombia,40.730526,-73.951822,Coffee Shop
1294,"Greenpoint, Brooklyn",40.7302009848647,-73.95424093127393,Sweetleaf,40.734431143292184,-73.95542611092719,Coffee Shop
1373,"Brighton Beach, Brooklyn",40.57682506566604,-73.96509448785336,Starbucks,40.57784143,-73.96120404,Coffee Shop
1429,"Manhattan Terrace, Brooklyn",40.61443251335098,-73.95743840559939,Chock Full O' Nuts,40.618160387686835,-73.95874565376455,Coffee Shop
1438,"Flatbush, Brooklyn",40.63632589026677,-73.95840106533903,Coffee Mob,40.635841273905065,-73.96256072887337,Coffee Shop
1446,"Flatbush, Brooklyn",40.63632589026677,-73.95840106533903,Coffee Z,40.634682472077664,-73.96278208484142,Coffee Shop
1466,"Crown Heights, Brooklyn",40.67082917695294,-73.94329119073582,Jenny Coffe Shop #2,40.67209565087505,-73.94189529858284,Coffee Shop
1516,"Kensington, Brooklyn",40.642381958003526,-73.98042110559474,Angelica's Coffee Shop,40.64426472017663,-73.9757434356533,Coffee Shop
1543,"Windsor Terrace, Brooklyn",40.65694583575104,-73.98007340430172,DUB Pies - Windsor Terrace,40.66043997892629,-73.98028259046083,Coffee Shop
1563,"Prospect Heights, Brooklyn",40.676822262254724,-73.9648592426269,Sit & Wonder,40.67735699650139,-73.96386086940765,Coffee Shop
1602,"Prospect Heights, Brooklyn",40.676822262254724,-73.9648592426269,Gran Caffe De Martini,40.67910336932808,-73.96832032665563,Coffee Shop
1672,"Williamsburg, Brooklyn",40.70714439344251,-73.95811529220927,Konditori,40.708614,-73.957906,Coffee Shop
1673,"Williamsburg, Brooklyn",40.70714439344251,-73.95811529220927,The Flat's BK Speed Coffee,40.70730384358056,-73.95386713180666,Coffee Shop
1685,"Williamsburg, Brooklyn",40.70714439344251,-73.95811529220927,Northerly,40.710535802393785,-73.9581638123791,Coffee Shop
1709,"Bushwick, Brooklyn",40.69811611017901,-73.92525797487045,Dweebs,40.700507067885084,-73.92279516968233,Coffee Shop
1713,"Bushwick, Brooklyn",40.69811611017901,-73.92525797487045,Brooklyn Kava,40.70039841380254,-73.92551762093899,Coffee Shop
1717,"Bushwick, Brooklyn",40.69811611017901,-73.92525797487045,Lazy Suzy Cafe & Shop,40.700793,-73.923837,Coffee Shop
1720,"Bushwick, Brooklyn",40.69811611017901,-73.92525797487045,Bushwick Public House,40.69810452616295,-73.92487120915003,Coffee Shop
1754,"Bushwick, Brooklyn",40.69811611017901,-73.92525797487045,Central Cafe,40.7004089251864,-73.92929617336291,Coffee Shop
1776,"Bedford Stuyvesant, Brooklyn",40.687231607720456,-73.94178488690297,Brooklyn Kettle,40.68463612139113,-73.9446114639709,Coffee Shop
1784,"Bedford Stuyvesant, Brooklyn",40.687231607720456,-73.94178488690297,Crocus Coffee,40.68655339859347,-73.94457685574372,Coffee Shop
1812,"Brooklyn Heights, Brooklyn",40.695863722724084,-73.99378225496424,Joe Coffee,40.6986734,-73.9943579,Coffee Shop
1893,"Brooklyn Heights, Brooklyn",40.695863722724084,-73.99378225496424,Cranberry's,40.69956681883266,-73.99186720453255,Coffee Shop
1952,"Cobble Hill, Brooklyn",40.687919722485574,-73.99856139218463,Fare & Folk,40.68750463571392,-73.99781630830245,Coffee Shop
1958,"Cobble Hill, Brooklyn",40.687919722485574,-73.99856139218463,Swallow Cafe,40.69015355837622,-73.99433454375975,Coffee Shop
1977,"Cobble Hill, Brooklyn",40.687919722485574,-73.99856139218463,Espresso Me,40.69095211398312,-73.99744811084277,Coffee Shop
1982,"Cobble Hill, Brooklyn",40.687919722485574,-73.99856139218463,Salter House,40.69087819947039,-73.99630721466154,Coffee Shop
1995,"Carroll Gardens, Brooklyn",40.680540231076485,-73.99465372828006,East One Coffee Roasters,40.681128035266816,-73.99652634325895,Coffee Shop
1997,"Carroll Gardens, Brooklyn",40.680540231076485,-73.99465372828006,Hungry Ghost,40.680281,-73.994678,Coffee Shop
2011,"Carroll Gardens, Brooklyn",40.680540231076485,-73.99465372828006,Planted,40.680558,-73.994584,Coffee Shop
2028,"Carroll Gardens, Brooklyn",40.680540231076485,-73.99465372828006,Bklyn Habit,40.67808968531469,-73.99609214717839,Coffee Shop
2041,"Carroll Gardens, Brooklyn",40.680540231076485,-73.99465372828006,Velvette Brew,40.68326476849194,-73.99275423214551,Coffee Shop
2077,"Carroll Gardens, Brooklyn",40.680540231076485,-73.99465372828006,D'Amico Coffee Roasters,40.683593021952916,-73.99530657474676,Coffee Shop
2136,"Red Hook, Brooklyn",40.676253230250886,-74.0127589747356,Red Hook coffee shop,40.677904,-74.011993,Coffee Shop
2150,"Gowanus, Brooklyn",40.673931143187154,-73.99444087145339,nerd be cool.,40.67615624798502,-73.99889198473417,Coffee Shop
2173,"Gowanus, Brooklyn",40.673931143187154,-73.99444087145339,Bklyn Habit,40.67808968531469,-73.99609214717839,Coffee Shop
2211,"Fort Greene, Brooklyn",40.68852726018977,-73.97290574369092,Bittersweet,40.689587651946525,-73.97249488542947,Coffee Shop
2219,"Fort Greene, Brooklyn",40.68852726018977,-73.97290574369092,Greene Grape Annex,40.686469719865386,-73.97466975308062,Coffee Shop
2232,"Fort Greene, Brooklyn",40.68852726018977,-73.97290574369092,Hungry Ghost,40.686019848047394,-73.97355641043038,Coffee Shop
2277,"Park Slope, Brooklyn",40.67232052268197,-73.97705030183924,Blue Bottle Coffee,40.67060012485774,-73.97845821487122,Coffee Shop
2289,"Park Slope, Brooklyn",40.67232052268197,-73.97705030183924,Café Regular du Nord,40.67515658418125,-73.97530161274537,Coffee Shop
2306,"Park Slope, Brooklyn",40.67232052268197,-73.97705030183924,Velvette Brew,40.67393232429361,-73.98228660482863,Coffee Shop
2331,"Park Slope, Brooklyn",40.67232052268197,-73.97705030183924,Milk Bar,40.67545579055746,-73.97798842992185,Coffee Shop
2336,"Park Slope, Brooklyn",40.67232052268197,-73.97705030183924,Hungry Ghost,40.672276,-73.977265,Coffee Shop
2455,"Bath Beach, Brooklyn",40.59951870282238,-73.99875221443519,Starbucks,40.59522682860779,-74.00001700705624,Coffee Shop
2500,"Borough Park, Brooklyn",40.633130512758015,-73.99049823044811,1982 Coffee Roasters,40.631909,-73.994964,Coffee Shop
2654,"Downtown, Brooklyn",40.69084402109802,-73.98346337431099,Devoción,40.68866033578996,-73.98360984724239,Coffee Shop
2664,"Downtown, Brooklyn",40.69084402109802,-73.98346337431099,Hungry Ghost,40.68985278051951,-73.98024666542231,Coffee Shop
2707,"Downtown, Brooklyn",40.69084402109802,-73.98346337431099,Coffee Project NY,40.687751,-73.979387,Coffee Shop
2721,"Downtown, Brooklyn",40.69084402109802,-73.98346337431099,White Noise Coffee Co.,40.68973648217195,-73.98820269257013,Coffee Shop
2749,"Boerum Hill, Brooklyn",40.685682912091444,-73.98374824115798,dot & line,40.684092354994974,-73.98367713620105,Coffee Shop
2762,"Boerum Hill, Brooklyn",40.685682912091444,-73.98374824115798,Devoción,40.68866033578996,-73.98360984724239,Coffee Shop
2781,"Boerum Hill, Brooklyn",40.685682912091444,-73.98374824115798,Coffee Project NY,40.687751,-73.979387,Coffee Shop
2819,"Boerum Hill, Brooklyn",40.685682912091444,-73.98374824115798,Hungry Ghost,40.687996968744294,-73.97880486327516,Coffee Shop
2825,"Boerum Hill, Brooklyn",40.685682912091444,-73.98374824115798,Absolute Coffee,40.68807946939255,-73.98769332950604,Coffee Shop
2885,"Ocean Hill, Brooklyn",40.678402554795355,-73.91306831787395,Daily Press Coffee,40.6784899444382,-73.91090903870442,Coffee Shop
2941,"City Line, Brooklyn",40.67856995727479,-73.86797598081334,Jassar Gourmet Deli,40.67761698488269,-73.864208353719,Coffee Shop
3022,"Georgetown, Brooklyn",40.62384524478419,-73.91607483951324,Starbucks,40.625874,-73.91746,Coffee Shop
3050,"East Williamsburg, Brooklyn",40.70849241041548,-73.93885815269195,City of Saints Coffee Roasters,40.70886064129511,-73.93602911739248,Coffee Shop
3053,"East Williamsburg, Brooklyn",40.70849241041548,-73.93885815269195,Jessi's Coffee Shop,40.70815526996501,-73.9399518496672,Coffee Shop
3057,"East Williamsburg, Brooklyn",40.70849241041548,-73.93885815269195,Cup,40.70774660616592,-73.940150141716,Coffee Shop
3078,"East Williamsburg, Brooklyn",40.70849241041548,-73.93885815269195,Lula Bean,40.711923725545226,-73.94124826279617,Coffee Shop
3122,"North Side, Brooklyn",40.714822906532014,-73.95880857587582,Sweatshop,40.715089868805926,-73.95973374883259,Coffee Shop
3147,"North Side, Brooklyn",40.714822906532014,-73.95880857587582,ppl,40.71282137546778,-73.95844548940659,Coffee Shop
3159,"North Side, Brooklyn",40.714822906532014,-73.95880857587582,Black Brick,40.714184577749386,-73.96155735867296,Coffee Shop
3165,"North Side, Brooklyn",40.714822906532014,-73.95880857587582,Blue Bottle Coffee,40.716913,-73.961039,Coffee Shop
3185,"North Side, Brooklyn",40.714822906532014,-73.95880857587582,Oslo Coffee,40.71472542106371,-73.95704258364536,Coffee Shop
3197,"North Side, Brooklyn",40.714822906532014,-73.95880857587582,Partners Coffee,40.718012,-73.959174,Coffee Shop
3207,"North Side, Brooklyn",40.714822906532014,-73.95880857587582,Hungry Ghost,40.716089,-73.959484,Coffee Shop
3208,"North Side, Brooklyn",40.714822906532014,-73.95880857587582,Lion's Milk,40.71583338158002,-73.95570533511494,Coffee Shop
3223,"South Side, Brooklyn",40.71086147265064,-73.95800095153331,ppl,40.71282137546778,-73.95844548940659,Coffee Shop
3258,"South Side, Brooklyn",40.71086147265064,-73.95800095153331,Northerly,40.710535802393785,-73.9581638123791,Coffee Shop
3276,"South Side, Brooklyn",40.71086147265064,-73.95800095153331,Konditori,40.708614,-73.957906,Coffee Shop
3297,"South Side, Brooklyn",40.71086147265064,-73.95800095153331,Oslo Coffee Roasters,40.71310488717666,-73.96217867031888,Coffee Shop
3304,"South Side, Brooklyn",40.71086147265064,-73.95800095153331,Sweatshop,40.715089868805926,-73.95973374883259,Coffee Shop
3360,"Fort Hamilton, Brooklyn",40.61476812694226,-74.03197914537984,Pep,40.6175,-74.03332,Coffee Shop
3462,"Chinatown, Manhattan",40.71561842231432,-73.99427936255978,Little Canal,40.714317,-73.990361,Coffee Shop
3504,"Chinatown, Manhattan",40.71561842231432,-73.99427936255978,Cafe Grumpy,40.71506878269568,-73.98995222774947,Coffee Shop
3512,"Washington Heights, Manhattan",40.85190252555305,-73.93690027985234,Forever Coffee Bar,40.85043253392718,-73.93660674414312,Coffee Shop
3544,"Washington Heights, Manhattan",40.85190252555305,-73.93690027985234,Starbucks,40.85096145,-73.93833015,Coffee Shop
3622,"Inwood, Manhattan",40.86768396449915,-73.92121042203897,Kuro Kirin,40.866223,-73.925691,Coffee Shop
3665,"Hamilton Heights, Manhattan",40.823604284811935,-73.94968791883366,Monkey Cup,40.82569352281918,-73.94723406493276,Coffee Shop
3669,"Hamilton Heights, Manhattan",40.823604284811935,-73.94968791883366,Double Dutch Espresso,40.821954,-73.950043,Coffee Shop
3679,"Hamilton Heights, Manhattan",40.823604284811935,-73.94968791883366,Manhattanville Coffee,40.8214960193694,-73.94459457496639,Coffee Shop
3683,"Hamilton Heights, Manhattan",40.823604284811935,-73.94968791883366,Matto Espresso (Espresso Matto),40.82495765397038,-73.95175921866948,Coffee Shop
3721,"Manhattanville, Manhattan",40.8169344294978,-73.9573853935188,Plowshares Coffee,40.813705,-73.955776,Coffee Shop
3732,"Manhattanville, Manhattan",40.8169344294978,-73.9573853935188,Kuro Kuma,40.81389238492917,-73.96002657140916,Coffee Shop
3737,"Manhattanville, Manhattan",40.8169344294978,-73.9573853935188,Starbucks,40.81507408334908,-73.95893045497931,Coffee Shop
3744,"Manhattanville, Manhattan",40.8169344294978,-73.9573853935188,Dear Mama Coffee,40.817333,-73.959494,Coffee Shop
3851,"Upper East Side, Manhattan",40.775638573301805,-73.96050763135,Handcraft Coffee,40.77353518266607,-73.95967048748328,Coffee Shop
3899,"Upper East Side, Manhattan",40.775638573301805,-73.96050763135,Joe the Art of Coffee,40.7720441944042,-73.96080496387015,Coffee Shop
3916,"Upper East Side, Manhattan",40.775638573301805,-73.96050763135,Flora Coffee,40.773415608649984,-73.96396335420376,Coffee Shop
3920,"Upper East Side, Manhattan",40.775638573301805,-73.96050763135,Starbucks Reserve,40.77984961470853,-73.95958442027471,Coffee Shop
3925,"Upper East Side, Manhattan",40.775638573301805,-73.96050763135,787 Coffee,40.774461,-73.955438,Coffee Shop
3928,"Upper East Side, Manhattan",40.775638573301805,-73.96050763135,Nespresso,40.77317939578769,-73.96440565021449,Coffee Shop
3938,"Upper East Side, Manhattan",40.775638573301805,-73.96050763135,Irving Farm Coffee Roasters,40.77543837923943,-73.95661894047544,Coffee Shop
3949,"Yorkville, Manhattan",40.775929849884875,-73.94711784471826,Stella & Fly,40.77846380035534,-73.94828205986073,Coffee Shop
3963,"Yorkville, Manhattan",40.775929849884875,-73.94711784471826,Yorkafe,40.77385309632133,-73.94825970204658,Coffee Shop
3988,"Yorkville, Manhattan",40.775929849884875,-73.94711784471826,Cafe Jax,40.7761234,-73.951838,Coffee Shop
3999,"Yorkville, Manhattan",40.775929849884875,-73.94711784471826,Mellow Yellow - coffee & vibes,40.77920486239496,-73.94770099915985,Coffee Shop
4037,"Yorkville, Manhattan",40.775929849884875,-73.94711784471826,Oren's Daily Roast,40.77426112970503,-73.95139412608984,Coffee Shop
4039,"Yorkville, Manhattan",40.775929849884875,-73.94711784471826,Starbucks,40.772356,-73.949984,Coffee Shop
4087,"Lenox Hill, Manhattan",40.76811265828733,-73.9588596881376,Oren's Daily Roast,40.769755718510254,-73.96266688394745,Coffee Shop
4101,"Lenox Hill, Manhattan",40.76811265828733,-73.9588596881376,The Coffee Inn,40.766767,-73.956515,Coffee Shop
4104,"Lenox Hill, Manhattan",40.76811265828733,-73.9588596881376,Gotham Coffee House,40.766417653227954,-73.96021931346488,Coffee Shop
4111,"Lenox Hill, Manhattan",40.76811265828733,-73.9588596881376,Oslo Coffee Roasters,40.769363626993965,-73.95359768642824,Coffee Shop
4115,"Lenox Hill, Manhattan",40.76811265828733,-73.9588596881376,Gregorys Coffee,40.76565,-73.95779,Coffee Shop
4135,"Lenox Hill, Manhattan",40.76811265828733,-73.9588596881376,Joe the Art of Coffee,40.7720441944042,-73.96080496387015,Coffee Shop
4150,"Roosevelt Island, Manhattan",40.76215960576283,-73.94916769227953,Starbucks,40.76498,-73.953124,Coffee Shop
4152,"Roosevelt Island, Manhattan",40.76215960576283,-73.94916769227953,Starbucks,40.75935954636262,-73.95315311551424,Coffee Shop
4207,"Upper West Side, Manhattan",40.787657998534854,-73.97705923630603,Joe Coffee Company,40.78576794628144,-73.97297822944773,Coffee Shop
4231,"Upper West Side, Manhattan",40.787657998534854,-73.97705923630603,Irving Farm Coffee Roasters,40.78358219999489,-73.97936938995414,Coffee Shop
4234,"Upper West Side, Manhattan",40.787657998534854,-73.97705923630603,Matto Espresso,40.786328000000005,-73.97254699999999,Coffee Shop
4338,"Lincoln Square, Manhattan",40.77352888942166,-73.98533777001262,Joe: The Art of Coffee,40.7749910102078,-73.9802755128801,Coffee Shop
4363,"Lincoln Square, Manhattan",40.77352888942166,-73.98533777001262,Starbucks,40.77139241,-73.9824237,Coffee Shop
4403,"Clinton, Manhattan",40.75910089146212,-73.99611936309479,Oslo Coffee Roasters,40.760512,-73.998985,Coffee Shop
4442,"Clinton, Manhattan",40.75910089146212,-73.99611936309479,Romeo and Juliet Coffee,40.760726,-73.997724,Coffee Shop
4447,"Clinton, Manhattan",40.75910089146212,-73.99611936309479,Bird & Branch,40.76023380705023,-73.99092742659005,Coffee Shop
4464,"Clinton, Manhattan",40.75910089146212,-73.99611936309479,Empire Coffee & Tea,40.75801695174228,-73.99289785463402,Coffee Shop
4486,"Midtown, Manhattan",40.75469110270623,-73.98166882730304,Bluestone Lane,40.75546978066122,-73.98317793248884,Coffee Shop
4505,"Midtown, Manhattan",40.75469110270623,-73.98166882730304,Blue Bottle Coffee,40.753027,-73.98414,Coffee Shop
4533,"Midtown, Manhattan",40.75469110270623,-73.98166882730304,Joe Coffee Company,40.75346110080176,-73.98430720572264,Coffee Shop
4541,"Midtown, Manhattan",40.75469110270623,-73.98166882730304,La Colombe Torrefaction,40.753602694226444,-73.98550361394882,Coffee Shop
4573,"Murray Hill, Manhattan",40.748303077252174,-73.97833207924127,Perk Kafe,40.747768,-73.977363,Coffee Shop
4597,"Murray Hill, Manhattan",40.748303077252174,-73.97833207924127,Lucid Cafe,40.748754,-73.977916,Coffee Shop
4625,"Murray Hill, Manhattan",40.748303077252174,-73.97833207924127,Matto Espresso,40.750501526676786,-73.97772575896524,Coffee Shop
4628,"Murray Hill, Manhattan",40.748303077252174,-73.97833207924127,Taylor St. Baristas,40.75141927853027,-73.97976770103656,Coffee Shop
4656,"Murray Hill, Manhattan",40.748303077252174,-73.97833207924127,Blue Bottle Coffee,40.75218,-73.97824,Coffee Shop
4688,"Chelsea, Manhattan",40.744034706747975,-74.00311633472813,Intelligentsia Coffee,40.745925923501794,-74.00537634340776,Coffee Shop
4705,"Chelsea, Manhattan",40.744034706747975,-74.00311633472813,Starbucks Reserve Roastery,40.74166158826782,-74.00507982765883,Coffee Shop
4726,"Chelsea, Manhattan",40.744034706747975,-74.00311633472813,Ninth Street Espresso,40.742236559570095,-74.0061578598797,Coffee Shop
4737,"Chelsea, Manhattan",40.744034706747975,-74.00311633472813,Terremoto,40.74099893844209,-74.0032050438415,Coffee Shop
4739,"Chelsea, Manhattan",40.744034706747975,-74.00311633472813,Blue Bottle Coffee,40.74247264215167,-74.00698238537771,Coffee Shop
4741,"Chelsea, Manhattan",40.744034706747975,-74.00311633472813,Underline Coffee,40.746135440303746,-74.00606399140887,Coffee Shop
4746,"Chelsea, Manhattan",40.744034706747975,-74.00311633472813,St Kilda Coffee,40.743854,-73.99977,Coffee Shop
4776,"Greenwich Village, Manhattan",40.72693288536128,-73.99991402945902,La Colombe Torrefaction,40.72581964106336,-74.00119185447693,Coffee Shop
4847,"Greenwich Village, Manhattan",40.72693288536128,-73.99991402945902,Porto Rico Importing Co.,40.729483331276,-74.00172204973289,Coffee Shop
4886,"East Village, Manhattan",40.727846777270244,-73.98222616506416,Ninth Street Espresso,40.72707176407598,-73.98010700941086,Coffee Shop
4962,"East Village, Manhattan",40.727846777270244,-73.98222616506416,C & B Cafe,40.725122,-73.981602,Coffee Shop
4970,"East Village, Manhattan",40.727846777270244,-73.98222616506416,Abraço,40.72724250629786,-73.98609906435013,Coffee Shop
4974,"Lower East Side, Manhattan",40.71780674892765,-73.98089031999291,Blue Bottle Coffee,40.719140060169174,-73.98522372843125,Coffee Shop
4981,"Lower East Side, Manhattan",40.71780674892765,-73.98089031999291,Black Cat Coffee,40.7189975093014,-73.98465221834351,Coffee Shop
5012,"Lower East Side, Manhattan",40.71780674892765,-73.98089031999291,GrandLo Cafe,40.716885,-73.98568,Coffee Shop
5041,"Tribeca, Manhattan",40.721521967443216,-74.01068328559087,Kaffe 1668,40.72084943226936,-74.01001528573674,Coffee Shop
5078,"Tribeca, Manhattan",40.721521967443216,-74.01068328559087,Laughing Man Coffee & Tea,40.7173944529165,-74.01010324607125,Coffee Shop
5096,"Tribeca, Manhattan",40.721521967443216,-74.01068328559087,Blue Bottle Coffee,40.723175,-74.006471,Coffee Shop
5134,"Little Italy, Manhattan",40.71932379395907,-73.99730467208073,Happy Bones,40.7206477431811,-73.9971250494221,Coffee Shop
5284,"Soho, Manhattan",40.72218384131794,-74.00065666959759,Ground Support,40.724292163165124,-74.00212009222999,Coffee Shop
5303,"Soho, Manhattan",40.72218384131794,-74.00065666959759,Happy Bones,40.7206477431811,-73.9971250494221,Coffee Shop
5320,"Soho, Manhattan",40.72218384131794,-74.00065666959759,La Colombe Torrefaction,40.719829,-74.003854,Coffee Shop
5331,"West Village, Manhattan",40.73443393572434,-74.00617998126812,The ELK,40.7341571981377,-74.00744944810867,Coffee Shop
5341,"West Village, Manhattan",40.73443393572434,-74.00617998126812,Oslo Coffee Roasters,40.733862641620995,-74.0055236533668,Coffee Shop
5389,"West Village, Manhattan",40.73443393572434,-74.00617998126812,Partners Coffee Roasters,40.73491348804492,-74.00205073261284,Coffee Shop
5430,"Manhattan Valley, Manhattan",40.797307041702865,-73.96428617740655,Starbucks,40.79536902,-73.96558901,Coffee Shop
5448,"Manhattan Valley, Manhattan",40.797307041702865,-73.96428617740655,Plowshares Coffee Bloomingdale,40.80019097153275,-73.96806622850414,Coffee Shop
5466,"Manhattan Valley, Manhattan",40.797307041702865,-73.96428617740655,Starbucks,40.79888,-73.96837,Coffee Shop
5483,"Morningside Heights, Manhattan",40.807999738165826,-73.96389627905332,Joe Coffee Company,40.810042435503476,-73.96202015828379,Coffee Shop
5487,"Morningside Heights, Manhattan",40.807999738165826,-73.96389627905332,Hex & Company,40.80526579539952,-73.96620274574032,Coffee Shop
5498,"Morningside Heights, Manhattan",40.807999738165826,-73.96389627905332,The Hungarian Pastry Shop,40.803561933892944,-73.96347501357707,Coffee Shop
5515,"Gramercy, Manhattan",40.737209832715,-73.98137594833541,Citizens of Gramercy,40.73663660003647,-73.98176174141058,Coffee Shop
5518,"Gramercy, Manhattan",40.737209832715,-73.98137594833541,Think Coffee,40.738156312933405,-73.98374210961263,Coffee Shop
5599,"Gramercy, Manhattan",40.737209832715,-73.98137594833541,Proof Coffee,40.73972082737726,-73.9773756194897,Coffee Shop
5623,"Battery Park City, Manhattan",40.71193198394565,-74.01686930508617,Le District Coffee,40.71328360114957,-74.01585448223682,Coffee Shop
5627,"Battery Park City, Manhattan",40.71193198394565,-74.01686930508617,Starbucks Reserve,40.71417,-74.015434,Coffee Shop
5634,"Battery Park City, Manhattan",40.71193198394565,-74.01686930508617,For Five Coffee Roasters,40.71224,-74.014915,Coffee Shop
5644,"Battery Park City, Manhattan",40.71193198394565,-74.01686930508617,Blue Bottle Coffee,40.7105890125794,-74.012371301651,Coffee Shop
5652,"Battery Park City, Manhattan",40.71193198394565,-74.01686930508617,Laughing Man Coffee & Tea,40.71475351814522,-74.01736807400145,Coffee Shop
5698,"Financial District, Manhattan",40.70710710727048,-74.0106654452127,Black Fox Coffee Co.,40.70657289005604,-74.00815534778381,Coffee Shop
5706,"Financial District, Manhattan",40.70710710727048,-74.0106654452127,La Colombe Torrefaction,40.705898810664266,-74.00842129724238,Coffee Shop
5711,"Financial District, Manhattan",40.70710710727048,-74.0106654452127,For Five Coffee Roasters,40.709554,-74.010576,Coffee Shop
5726,"Financial District, Manhattan",40.70710710727048,-74.0106654452127,Blue Spoon Coffee Co.,40.708103,-74.007614,Coffee Shop
5745,"Financial District, Manhattan",40.70710710727048,-74.0106654452127,Starbucks,40.705162,-74.0113,Coffee Shop
5751,"Financial District, Manhattan",40.70710710727048,-74.0106654452127,Boundless Plains Espresso,40.70799,-74.013894,Coffee Shop
5756,"Financial District, Manhattan",40.70710710727048,-74.0106654452127,Voyager Espresso,40.70878747496401,-74.007063456023,Coffee Shop
5767,"Financial District, Manhattan",40.70710710727048,-74.0106654452127,Café Grumpy,40.70400246573752,-74.01188921554795,Coffee Shop
5777,"Financial District, Manhattan",40.70710710727048,-74.0106654452127,Black Fox,40.703968,-74.01116,Coffee Shop
5783,"Financial District, Manhattan",40.70710710727048,-74.0106654452127,Blue Bottle Coffee,40.7105890125794,-74.012371301651,Coffee Shop
5791,"Financial District, Manhattan",40.70710710727048,-74.0106654452127,Gregorys Coffee,40.70611,-74.01285,Coffee Shop
5842,"Astoria, Queens",40.76850859335492,-73.91565374304234,Starbucks,40.77003,-73.91851,Coffee Shop
5868,"Astoria, Queens",40.76850859335492,-73.91565374304234,Gossip Coffee And Cocktails,40.764521949611066,-73.91646215978797,Coffee Shop
5918,"Woodside, Queens",40.74634908860222,-73.90184166838284,Blue Cups Cafe,40.74745807426534,-73.9026118109631,Coffee Shop
6020,"Jackson Heights, Queens",40.75198138007367,-73.88282109164365,Starbucks,40.74955752,-73.88739013,Coffee Shop
6268,"Flushing, Queens",40.76445419697846,-73.83177300329582,Starbucks,40.76076522285495,-73.83055298489074,Coffee Shop
6310,"Long Island City, Queens",40.75021734610528,-73.93920223915505,Etto Espresso Bar,40.74870263866801,-73.94068910937959,Coffee Shop
6318,"Long Island City, Queens",40.75021734610528,-73.93920223915505,Clever Blend Lic,40.750228255772456,-73.93960758219154,Coffee Shop
6324,"Long Island City, Queens",40.75021734610528,-73.93920223915505,Partners Coffee,40.7475693824323,-73.94145464282613,Coffee Shop
6325,"Long Island City, Queens",40.75021734610528,-73.93920223915505,Sweetleaf,40.74853679447502,-73.93878657878295,Coffee Shop
6339,"Long Island City, Queens",40.75021734610528,-73.93920223915505,Starbucks,40.74745932309569,-73.94203125198355,Coffee Shop
6343,"Long Island City, Queens",40.75021734610528,-73.93920223915505,Birch Coffee,40.75313771432362,-73.94052570206453,Coffee Shop
6345,"Long Island City, Queens",40.75021734610528,-73.93920223915505,Triple Shot World Atlas,40.750256135169806,-73.93959054726801,Coffee Shop
6351,"Long Island City, Queens",40.75021734610528,-73.93920223915505,Starbucks,40.750293,-73.940295,Coffee Shop
6397,"Sunnyside, Queens",40.74017628351924,-73.92691617561577,Baruir's Coffee Store,40.74387879879115,-73.9240077997006,Coffee Shop
6406,"Sunnyside, Queens",40.74017628351924,-73.92691617561577,Coffee Tossy,40.740498,-73.92258,Coffee Shop
6433,"East Elmhurst, Queens",40.76407323883091,-73.86704147658772,Starbucks,40.76850483755989,-73.86790170363254,Coffee Shop
6549,"Rego Park, Queens",40.72897409480735,-73.8578268690537,Starbucks,40.729803939216424,-73.8626648555788,Coffee Shop
6776,"Little Neck, Queens",40.7708261928267,-73.7388977558074,Bean & Bean,40.77056646005071,-73.73568061196744,Coffee Shop
6777,"Little Neck, Queens",40.7708261928267,-73.7388977558074,Café 1 of a Kind,40.77240281628647,-73.73423321591879,Coffee Shop
6920,"Briarwood, Queens",40.71093547252271,-73.81174822458634,The Panorama Cafe,40.71231715293416,-73.80652704968954,Coffee Shop
6933,"Jamaica Center, Queens",40.70465736068717,-73.79690165888289,Starbucks,40.70360122835167,-73.79936436251222,Coffee Shop
6956,"Jamaica Center, Queens",40.70465736068717,-73.79690165888289,Starbucks,40.70138312123458,-73.79670300712185,Coffee Shop
6980,"Oakland Gardens, Queens",40.74561857141855,-73.75494976234332,Starbucks,40.74908551782129,-73.75631214871055,Coffee Shop
7218,"Bay Terrace, Queens",40.782842806245554,-73.7768022262158,Starbucks,40.78041616248073,-73.77626587653691,Coffee Shop
7245,"Arverne, Queens",40.58914394372971,-73.79199233136943,Locals Collective NYC,40.59039469397235,-73.79767656326294,Coffee Shop
7314,"Murray Hill, Queens",40.764126122614066,-73.81276269135866,Coffee Factory,40.76312523471443,-73.81434112787247,Coffee Shop
7320,"Murray Hill, Queens",40.764126122614066,-73.81276269135866,Cafe de Cupping,40.76526083298754,-73.81436801530978,Coffee Shop
7413,"Hillcrest, Queens",40.723824901829204,-73.79760300912672,Starbucks,40.72278120784277,-73.79607982554525,Coffee Shop
7609,"St. George, Staten Island",40.6449815710044,-74.07935312512797,Starbucks,40.644745,-74.074488,Coffee Shop
7690,"West Brighton, Staten Island",40.63187892654607,-74.1071817826561,Fab Cup,40.63012932675018,-74.10948604345322,Coffee Shop
7691,"West Brighton, Staten Island",40.63187892654607,-74.1071817826561,Starbucks,40.63032034,-74.10608734,Coffee Shop
7693,"West Brighton, Staten Island",40.63187892654607,-74.1071817826561,Beans & Leaves,40.63071761434358,-74.10337597131729,Coffee Shop
7769,"New Springville, Staten Island",40.594252379161695,-74.16496031329827,Starbucks,40.592496,-74.162623,Coffee Shop
7771,"New Springville, Staten Island",40.594252379161695,-74.16496031329827,Barnes & Noble Cafe,40.59238507436921,-74.16290128670595,Coffee Shop
7813,"New Dorp, Staten Island",40.57257231820632,-74.1164794360638,SIPS + MAKER,40.5715696,-74.1122391,Coffee Shop
7861,"Eltingville, Staten Island",40.542230747450745,-74.1643308041936,Country Donuts,40.54553217701427,-74.16089342939937,Coffee Shop
7903,"Woodrow, Staten Island",40.541967622888755,-74.20524582480326,Starbucks,40.54215338058496,-74.2070673400222,Coffee Shop
7966,"Ditmas Park, Brooklyn",40.643675183340974,-73.96101312466779,Cafe Madeline,40.641689196076115,-73.96334877360515,Coffee Shop
8049,"Park Hill, Staten Island",40.60919044434558,-74.08015734936296,Starbucks,40.60639331431979,-74.07868209330921,Coffee Shop
8067,"Arlington, Staten Island",40.63532509911492,-74.16510420241124,Unique Coffee Roasters,40.63737034321026,-74.16242446990152,Coffee Shop
8255,"Charleston, Staten Island",40.53053148283314,-74.23215775896526,Starbucks,40.52828,-74.233315,Coffee Shop
8284,"Arden Heights, Staten Island",40.54928582278321,-74.18588674583893,APlus at Sunoco,40.55123321869024,-74.18403018014772,Coffee Shop
8293,"Heartland Village, Staten Island",40.58913894875281,-74.15902208156601,Starbucks,40.592496,-74.162623,Coffee Shop
8294,"Heartland Village, Staten Island",40.58913894875281,-74.15902208156601,Barnes & Noble Cafe,40.59238507436921,-74.16290128670595,Coffee Shop
8349,"Bulls Head, Staten Island",40.6095918004203,-74.15940948657122,Tim Hortons,40.6068257138458,-74.1628150641918,Coffee Shop
8369,"Carnegie Hill, Manhattan",40.7826825671257,-73.95325646837112,Jack’s Stir Brew Coffee,40.78115195544896,-73.95438304103139,Coffee Shop
8380,"Carnegie Hill, Manhattan",40.7826825671257,-73.95325646837112,Birch Coffee,40.78027488527474,-73.95344462760507,Coffee Shop
8394,"Carnegie Hill, Manhattan",40.7826825671257,-73.95325646837112,DTUT,40.78081764919819,-73.94935011863708,Coffee Shop
8416,"Carnegie Hill, Manhattan",40.7826825671257,-73.95325646837112,Variety Coffee Roasters,40.77889926886048,-73.9559004150256,Coffee Shop
8430,"Carnegie Hill, Manhattan",40.7826825671257,-73.95325646837112,Starbucks,40.78271518758087,-73.94816913233733,Coffee Shop
8452,"Carnegie Hill, Manhattan",40.7826825671257,-73.95325646837112,Go Cups,40.783510663203565,-73.94757038999462,Coffee Shop
8469,"Noho, Manhattan",40.72325901885768,-73.98843368023597,Ludlow Coffee Supply,40.721711037947095,-73.98752102186039,Coffee Shop
8472,"Noho, Manhattan",40.72325901885768,-73.98843368023597,Mudpark,40.723126691913414,-73.98879367116311,Coffee Shop
8485,"Noho, Manhattan",40.72325901885768,-73.98843368023597,The Lazy Llama Coffee Bar,40.72350640379608,-73.98867934942245,Coffee Shop
8549,"Noho, Manhattan",40.72325901885768,-73.98843368023597,Caffe Vita Coffee Roasting Co.,40.71975181143025,-73.98852856288337,Coffee Shop
8583,"Civic Center, Manhattan",40.71522892046282,-74.00541529873355,Blue Spoon Coffee Co.,40.714427584609766,-74.00685853301651,Coffee Shop
8584,"Civic Center, Manhattan",40.71522892046282,-74.00541529873355,Hungry Ghost,40.71537908911408,-74.00747585756598,Coffee Shop
8593,"Civic Center, Manhattan",40.71522892046282,-74.00541529873355,Think Coffee,40.71690888950524,-74.00393447886529,Coffee Shop
8629,"Civic Center, Manhattan",40.71522892046282,-74.00541529873355,The Wooly Daily,40.71213724343698,-74.00839457685005,Coffee Shop
8645,"Civic Center, Manhattan",40.71522892046282,-74.00541529873355,Blue Bottle Coffee,40.718354999999995,-74.002215,Coffee Shop
8649,"Civic Center, Manhattan",40.71522892046282,-74.00541529873355,Sawada Coffee,40.718067943806524,-74.00200117832283,Coffee Shop
8659,"Midtown South, Manhattan",40.7485096643122,-73.98871313285247,King’s Street Coffee,40.74777457216174,-73.99060579834321,Coffee Shop
8674,"Midtown South, Manhattan",40.7485096643122,-73.98871313285247,Paper Coffee,40.74631409352761,-73.98957118391989,Coffee Shop
8697,"Midtown South, Manhattan",40.7485096643122,-73.98871313285247,Stumptown Coffee Roasters,40.745835357994196,-73.98807133259928,Coffee Shop
8714,"Midtown South, Manhattan",40.7485096643122,-73.98871313285247,Irving Farm Coffee Roasters,40.747536952731195,-73.98819555442002,Coffee Shop
8806,"Concord, Staten Island",40.6044731896879,-74.08402364740358,Starbucks,40.60639331431979,-74.07868209330921,Coffee Shop
8918,"Jamaica Hills, Queens",40.71145964370482,-73.79646462081593,Richie's Place Coffee Shop,40.7105947908539,-73.79296302241056,Coffee Shop
8993,"Concourse Village, Bronx",40.824780490842905,-73.91584652759009,Starbucks,40.82555649,-73.91886538,Coffee Shop
9120,"Sutton Place, Manhattan",40.76028033131374,-73.96355614094303,Pink Moose,40.75921349319645,-73.96223719663746,Coffee Shop
9135,"Sutton Place, Manhattan",40.76028033131374,-73.96355614094303,Birch Coffee,40.763781420993965,-73.96649211645126,Coffee Shop
9138,"Sutton Place, Manhattan",40.76028033131374,-73.96355614094303,Dan Jones,40.760339,-73.967424,Coffee Shop
9145,"Sutton Place, Manhattan",40.76028033131374,-73.96355614094303,Starbucks,40.76046811346453,-73.96127280120055,Coffee Shop
9174,"Hunters Point, Queens",40.743414090073536,-73.95386782130745,Sweetleaf,40.743294,-73.95159,Coffee Shop
9225,"Hunters Point, Queens",40.743414090073536,-73.95386782130745,Communitea,40.74559398119634,-73.95017000705822,Coffee Shop
9235,"Hunters Point, Queens",40.743414090073536,-73.95386782130745,Coffee Project / Academy,40.740936,-73.949181,Coffee Shop
9255,"Turtle Bay, Manhattan",40.75204236950722,-73.96770824581834,Pennylane Coffee,40.751565,-73.970185,Coffee Shop
9270,"Turtle Bay, Manhattan",40.75204236950722,-73.96770824581834,Pickler & Co.,40.752191,-73.971991,Coffee Shop
9282,"Turtle Bay, Manhattan",40.75204236950722,-73.96770824581834,Blank Slate Coffee + Kitchen,40.754762,-73.968623,Coffee Shop
9305,"Turtle Bay, Manhattan",40.75204236950722,-73.96770824581834,Bluestone Lane,40.7554154,-73.9705757,Coffee Shop
9315,"Turtle Bay, Manhattan",40.75204236950722,-73.96770824581834,Ground Central Coffee Company,40.750146461935245,-73.97205954557417,Coffee Shop
9368,"Tudor City, Manhattan",40.746917410740195,-73.97121928722265,Ground Central Coffee Company,40.750146461935245,-73.97205954557417,Coffee Shop
9386,"Tudor City, Manhattan",40.746917410740195,-73.97121928722265,Pennylane No.2,40.750525,-73.973765,Coffee Shop
9404,"Tudor City, Manhattan",40.746917410740195,-73.97121928722265,Starbucks,40.743544,-73.973853,Coffee Shop
9431,"Stuyvesant Town, Manhattan",40.73099955477061,-73.97405170469203,B Cup Cafe,40.72878323190303,-73.97856527783276,Coffee Shop
9472,"Flatiron, Manhattan",40.739673047638426,-73.9909471052826,Gotham Coffee Roasters,40.739676562629384,-73.99274707313197,Coffee Shop
9473,"Flatiron, Manhattan",40.739673047638426,-73.9909471052826,Devoción,40.73903611149004,-73.98906875157583,Coffee Shop
9546,"Sunnyside Gardens, Queens",40.74565180608076,-73.91819286431682,El Buen Sabor,40.74399206130697,-73.91906286881425,Coffee Shop
9548,"Sunnyside Gardens, Queens",40.74565180608076,-73.91819286431682,Brookside Market,40.74355150605385,-73.92073322412378,Coffee Shop
9609,"Sunnyside Gardens, Queens",40.74565180608076,-73.91819286431682,Starbucks,40.7434386661004,-73.91833037137985,Coffee Shop
9676,"Fulton Ferry, Brooklyn",40.70328109093014,-73.99550751888415,Starbucks,40.702854716485874,-73.99387438970747,Coffee Shop
9685,"Fulton Ferry, Brooklyn",40.70328109093014,-73.99550751888415,FEED Shop & Cafe,40.703366704893625,-73.99166515614657,Coffee Shop
9722,"Vinegar Hill, Brooklyn",40.70332149882874,-73.98111603592393,Brooklyn Roasting Company,40.704217608082864,-73.98659720400087,Coffee Shop
9724,"Vinegar Hill, Brooklyn",40.70332149882874,-73.98111603592393,Café Usagi,40.703831,-73.986934,Coffee Shop
9740,"Vinegar Hill, Brooklyn",40.70332149882874,-73.98111603592393,Yalla at Punto Bianco,40.704392819239956,-73.98668890065548,Coffee Shop
9781,"Dumbo, Brooklyn",40.70317632822692,-73.9887528074504,Café Usagi,40.703831,-73.986934,Coffee Shop
9793,"Dumbo, Brooklyn",40.70317632822692,-73.9887528074504,Brooklyn Roasting Company,40.704217608082864,-73.98659720400087,Coffee Shop
9816,"Dumbo, Brooklyn",40.70317632822692,-73.9887528074504,FEED Shop & Cafe,40.703366704893625,-73.99166515614657,Coffee Shop
9829,"Dumbo, Brooklyn",40.70317632822692,-73.9887528074504,Brooklyn Roasting Company,40.70291605224498,-73.98945208670187,Coffee Shop
9847,"Dumbo, Brooklyn",40.70317632822692,-73.9887528074504,Starbucks,40.702854716485874,-73.99387438970747,Coffee Shop
9966,"Richmond Valley, Staten Island",40.51954145748909,-74.22957080626941,Tim Hortons,40.5168648,-74.2341898,Coffee Shop
10043,"Kingsbridge Heights, Bronx",40.8703923914147,-73.90152264513144,Perista,40.86830262630493,-73.90134872356543,Coffee Shop
10050,"Kingsbridge Heights, Bronx",40.8703923914147,-73.90152264513144,Starbucks,40.86715025009173,-73.90408790050748,Coffee Shop
10058,"Kingsbridge Heights, Bronx",40.8703923914147,-73.90152264513144,Perista Coffee Shop,40.86831432066866,-73.90129751816733,Coffee Shop
10133,"Hudson Yards, Manhattan",40.75665808227519,-74.00011136202637,Oslo Coffee Roasters,40.760512,-73.998985,Coffee Shop
10155,"Hudson Yards, Manhattan",40.75665808227519,-74.00011136202637,Clovelly Coffee,40.753292,-73.99674499999999,Coffee Shop
10163,"Hudson Yards, Manhattan",40.75665808227519,-74.00011136202637,Romeo and Juliet Coffee,40.760726,-73.997724,Coffee Shop
10215,Regent Park / Harbourfront-Toronto,43.6542599,-79.3606359,Tandem Coffee,43.65355870959944,-79.36180945913513,Coffee Shop
10226,Regent Park / Harbourfront-Toronto,43.6542599,-79.3606359,Rooster Coffee,43.65189965670432,-79.36560912104514,Coffee Shop
10228,Regent Park / Harbourfront-Toronto,43.6542599,-79.3606359,Arvo,43.64996280366945,-79.36144178325522,Coffee Shop
10229,Regent Park / Harbourfront-Toronto,43.6542599,-79.3606359,Sumach Espresso,43.65813540553308,-79.35951549011845,Coffee Shop
10231,Regent Park / Harbourfront-Toronto,43.6542599,-79.3606359,Starbucks,43.651613,-79.364917,Coffee Shop
10242,Regent Park / Harbourfront-Toronto,43.6542599,-79.3606359,Dark Horse Espresso Bar,43.653080578844275,-79.3570778621122,Coffee Shop
10254,Regent Park / Harbourfront-Toronto,43.6542599,-79.3606359,Savoury Grounds,43.656820970004496,-79.3589698353747,Coffee Shop
10257,Regent Park / Harbourfront-Toronto,43.6542599,-79.3606359,FUEL+,43.653193,-79.355867,Coffee Shop
10261,Queen's Park / Ontario Provincial Government-Toronto,43.6623015,-79.3894938,Neo Coffee Bar,43.66014,-79.38587,Coffee Shop
10263,Queen's Park / Ontario Provincial Government-Toronto,43.6623015,-79.3894938,Starbucks,43.65945605353152,-79.39041123272168,Coffee Shop
10277,Queen's Park / Ontario Provincial Government-Toronto,43.6623015,-79.3894938,Starbucks,43.658204,-79.388998,Coffee Shop
10281,Queen's Park / Ontario Provincial Government-Toronto,43.6623015,-79.3894938,Tim Hortons,43.6610382,-79.3937966,Coffee Shop
10282,Queen's Park / Ontario Provincial Government-Toronto,43.6623015,-79.3894938,Starbucks,43.660887,-79.39372,Coffee Shop
10284,Queen's Park / Ontario Provincial Government-Toronto,43.6623015,-79.3894938,Tim Hortons,43.658175,-79.3906813,Coffee Shop
10285,Queen's Park / Ontario Provincial Government-Toronto,43.6623015,-79.3894938,Tim Hortons,43.6589062,-79.3886961,Coffee Shop
10287,Queen's Park / Ontario Provincial Government-Toronto,43.6623015,-79.3894938,Tim Hortons,43.6594149,-79.3912214,Coffee Shop
10307,"Garden District, Ryerson-Toronto",43.6571618,-79.37893709999999,Tokyo Smoke,43.65723,-79.38087,Coffee Shop
10309,"Garden District, Ryerson-Toronto",43.6571618,-79.37893709999999,Infuse Cafe,43.658068043552504,-79.38172645275614,Coffee Shop
10324,"Garden District, Ryerson-Toronto",43.6571618,-79.37893709999999,Balzac's Coffee,43.65785440672277,-79.37919981155157,Coffee Shop
10330,"Garden District, Ryerson-Toronto",43.6571618,-79.37893709999999,Hailed Coffee,43.65883296982352,-79.38368351986598,Coffee Shop
10372,"Garden District, Ryerson-Toronto",43.6571618,-79.37893709999999,Starbucks,43.65446528594945,-79.37891894388453,Coffee Shop
10376,"Garden District, Ryerson-Toronto",43.6571618,-79.37893709999999,Starbucks,43.659509,-79.382132,Coffee Shop
10391,"Garden District, Ryerson-Toronto",43.6571618,-79.37893709999999,Good Earth Coffeehouse,43.65685033174256,-79.37471866607666,Coffee Shop
10392,"Garden District, Ryerson-Toronto",43.6571618,-79.37893709999999,Starbucks,43.65907956058055,-79.38056191501433,Coffee Shop
10397,St. James Town-Toronto,43.6514939,-79.3754179,Fahrenheit Coffee,43.65238358726612,-79.37271903848271,Coffee Shop
10404,St. James Town-Toronto,43.6514939,-79.3754179,Versus Coffee,43.65121343781903,-79.37523564828548,Coffee Shop
10429,St. James Town-Toronto,43.6514939,-79.3754179,Starbucks,43.650159,-79.377793,Coffee Shop
10445,St. James Town-Toronto,43.6514939,-79.3754179,Starbucks,43.649328,-79.378339,Coffee Shop
10449,St. James Town-Toronto,43.6514939,-79.3754179,Everyday Gourmet (Teas & Coffees),43.64875714757637,-79.37164539765817,Coffee Shop
10465,St. James Town-Toronto,43.6514939,-79.3754179,Starbucks,43.648738309887705,-79.37251925468443,Coffee Shop
10483,St. James Town-Toronto,43.6514939,-79.3754179,Tim Hortons,43.64795486604762,-79.37383309017605,Coffee Shop
10488,St. James Town-Toronto,43.6514939,-79.3754179,Aroma Espresso Bar,43.648224,-79.376352,Coffee Shop
10515,Berczy Park-Toronto,43.6447708,-79.3733064,Starbucks,43.644525,-79.36856,Coffee Shop
10525,Berczy Park-Toronto,43.6447708,-79.3733064,Everyday Gourmet (Teas & Coffees),43.64875714757637,-79.37164539765817,Coffee Shop
10526,Berczy Park-Toronto,43.6447708,-79.3733064,Mos Mos,43.64163954520267,-79.3775517786762,Coffee Shop
10540,Berczy Park-Toronto,43.6447708,-79.3733064,Tim Hortons,43.64795486604762,-79.37383309017605,Coffee Shop
10542,Berczy Park-Toronto,43.6447708,-79.3733064,Starbucks,43.648738309887705,-79.37251925468443,Coffee Shop
10553,Central Bay Street-Toronto,43.6579524,-79.3873826,Jimmy's Coffee,43.65842123574496,-79.38561319551111,Coffee Shop
10554,Central Bay Street-Toronto,43.6579524,-79.3873826,Tim Hortons,43.658569999999976,-79.38512341104502,Coffee Shop
10555,Central Bay Street-Toronto,43.6579524,-79.3873826,Neo Coffee Bar,43.66014,-79.38587,Coffee Shop
10556,Central Bay Street-Toronto,43.6579524,-79.3873826,Hailed Coffee,43.65883296982352,-79.38368351986598,Coffee Shop
10565,Central Bay Street-Toronto,43.6579524,-79.3873826,Starbucks,43.65945605353152,-79.39041123272168,Coffee Shop
10569,Central Bay Street-Toronto,43.6579524,-79.3873826,Starbucks,43.6595874273128,-79.3852515870617,Coffee Shop
10583,Central Bay Street-Toronto,43.6579524,-79.3873826,Coffee Public,43.66076299149323,-79.38618409033066,Coffee Shop
10584,Central Bay Street-Toronto,43.6579524,-79.3873826,The Library Specialty Coffee,43.65441282740799,-79.39090161351724,Coffee Shop
10587,Central Bay Street-Toronto,43.6579524,-79.3873826,Infuse Cafe,43.658068043552504,-79.38172645275614,Coffee Shop
10604,Central Bay Street-Toronto,43.6579524,-79.3873826,Starbucks,43.659509,-79.382132,Coffee Shop
10617,Central Bay Street-Toronto,43.6579524,-79.3873826,Starbucks,43.6607,-79.383553,Coffee Shop
10618,Central Bay Street-Toronto,43.6579524,-79.3873826,Starbucks,43.65952575859537,-79.39027029345037,Coffee Shop
10625,Central Bay Street-Toronto,43.6579524,-79.3873826,Tim Hortons,43.659695,-79.388706,Coffee Shop
10627,Central Bay Street-Toronto,43.6579524,-79.3873826,Second Cup,43.660721671691235,-79.38630837243234,Coffee Shop
10632,Christie-Toronto,43.669542,-79.4225637,Starbucks,43.67153,-79.4214,Coffee Shop
10674,Richmond / Adelaide / King-Toronto,43.65057120000001,-79.3845675,Pilot Coffee Roasters,43.648835391245896,-79.3809358125033,Coffee Shop
10696,Richmond / Adelaide / King-Toronto,43.65057120000001,-79.3845675,HotBlack Coffee,43.65036434800487,-79.38866907575726,Coffee Shop
10697,Richmond / Adelaide / King-Toronto,43.65057120000001,-79.3845675,Starbucks,43.650751,-79.388047,Coffee Shop
10708,Richmond / Adelaide / King-Toronto,43.65057120000001,-79.3845675,Starbucks,43.646731,-79.383951,Coffee Shop
10711,Richmond / Adelaide / King-Toronto,43.65057120000001,-79.3845675,Starbucks,43.64902831957521,-79.38159290007317,Coffee Shop
10713,Richmond / Adelaide / King-Toronto,43.65057120000001,-79.3845675,Dineen @CommerceCourt,43.648250543365556,-79.38012728220869,Coffee Shop
10797,Harbourfront East / Union Station / Toronto Islands-Toronto,43.6408157,-79.38175229999997,Mos Mos,43.64163954520267,-79.3775517786762,Coffee Shop
10804,Harbourfront East / Union Station / Toronto Islands-Toronto,43.6408157,-79.38175229999997,Lavazza Espression,43.63953746292591,-79.38176322686563,Coffee Shop
10809,Harbourfront East / Union Station / Toronto Islands-Toronto,43.6408157,-79.38175229999997,Balzac's Coffee,43.644372584148364,-79.38306470027423,Coffee Shop
10815,Harbourfront East / Union Station / Toronto Islands-Toronto,43.6408157,-79.38175229999997,Pilot Coffee Roasters,43.64501814464698,-79.3804150931199,Coffee Shop
10825,Harbourfront East / Union Station / Toronto Islands-Toronto,43.6408157,-79.38175229999997,Starbucks,43.643485,-79.38096,Coffee Shop
10831,Harbourfront East / Union Station / Toronto Islands-Toronto,43.6408157,-79.38175229999997,Tim Hortons,43.6387246,-79.3863403,Coffee Shop
10833,Harbourfront East / Union Station / Toronto Islands-Toronto,43.6408157,-79.38175229999997,Starbucks,43.644580752794965,-79.38167197782931,Coffee Shop
10834,Harbourfront East / Union Station / Toronto Islands-Toronto,43.6408157,-79.38175229999997,Aroma Espresso Bar,43.64074017304165,-79.37847790115718,Coffee Shop
10836,Harbourfront East / Union Station / Toronto Islands-Toronto,43.6408157,-79.38175229999997,Starbucks,43.64265659071355,-79.3833577475679,Coffee Shop
10849,Harbourfront East / Union Station / Toronto Islands-Toronto,43.6408157,-79.38175229999997,Starbucks,43.64510181136508,-79.38360972232998,Coffee Shop
10851,Harbourfront East / Union Station / Toronto Islands-Toronto,43.6408157,-79.38175229999997,Tim Hortons,43.63882773618699,-79.38037276268005,Coffee Shop
10857,Harbourfront East / Union Station / Toronto Islands-Toronto,43.6408157,-79.38175229999997,Starbucks,43.640257,-79.381731,Coffee Shop
10896,Little Portugal / Trinity-Toronto,43.647926700000006,-79.4197497,Jimmy's Coffee,43.64452074032671,-79.4189080566799,Coffee Shop
10899,Little Portugal / Trinity-Toronto,43.647926700000006,-79.4197497,Pilot Coffee Roasters,43.646609556865684,-79.41960592835666,Coffee Shop
10903,Little Portugal / Trinity-Toronto,43.647926700000006,-79.4197497,The Tampered Press,43.65006186869144,-79.41728020642847,Coffee Shop
10943,The Danforth West / Riverdale-Toronto,43.6795571,-79.352188,Marvel Coffee Co.,43.678629530863844,-79.34746013725268,Coffee Shop
10947,The Danforth West / Riverdale-Toronto,43.6795571,-79.352188,Second Cup,43.677232,-79.3528982,Coffee Shop
10948,The Danforth West / Riverdale-Toronto,43.6795571,-79.352188,Cafe Frappe,43.67812618087551,-79.34843379217203,Coffee Shop
10956,The Danforth West / Riverdale-Toronto,43.6795571,-79.352188,Starbucks,43.678879,-79.346357,Coffee Shop
10960,Toronto Dominion Centre / Design Exchange-Toronto,43.6471768,-79.38157640000001,Pilot Coffee Roasters,43.648835391245896,-79.3809358125033,Coffee Shop
10962,Toronto Dominion Centre / Design Exchange-Toronto,43.6471768,-79.38157640000001,Starbucks,43.646731,-79.383951,Coffee Shop
10971,Toronto Dominion Centre / Design Exchange-Toronto,43.6471768,-79.38157640000001,Pilot Coffee Roasters,43.64501814464698,-79.3804150931199,Coffee Shop
10973,Toronto Dominion Centre / Design Exchange-Toronto,43.6471768,-79.38157640000001,Dineen @CommerceCourt,43.648250543365556,-79.38012728220869,Coffee Shop
10986,Toronto Dominion Centre / Design Exchange-Toronto,43.6471768,-79.38157640000001,Starbucks,43.647261,-79.378599,Coffee Shop
10993,Toronto Dominion Centre / Design Exchange-Toronto,43.6471768,-79.38157640000001,Balzac's Coffee,43.644372584148364,-79.38306470027423,Coffee Shop
10997,Toronto Dominion Centre / Design Exchange-Toronto,43.6471768,-79.38157640000001,Starbucks,43.64902831957521,-79.38159290007317,Coffee Shop
11007,Toronto Dominion Centre / Design Exchange-Toronto,43.6471768,-79.38157640000001,Starbucks,43.646516,-79.380059,Coffee Shop
11022,Toronto Dominion Centre / Design Exchange-Toronto,43.6471768,-79.38157640000001,Starbucks,43.649328,-79.378339,Coffee Shop
11030,Toronto Dominion Centre / Design Exchange-Toronto,43.6471768,-79.38157640000001,Starbucks,43.644580752794965,-79.38167197782931,Coffee Shop
11034,Toronto Dominion Centre / Design Exchange-Toronto,43.6471768,-79.38157640000001,Starbucks,43.64510181136508,-79.38360972232998,Coffee Shop
11036,Toronto Dominion Centre / Design Exchange-Toronto,43.6471768,-79.38157640000001,Tim Hortons,43.646255967524645,-79.37957346439356,Coffee Shop
11043,Toronto Dominion Centre / Design Exchange-Toronto,43.6471768,-79.38157640000001,M Square Coffee Co,43.65121797253777,-79.38355459932247,Coffee Shop
11047,Toronto Dominion Centre / Design Exchange-Toronto,43.6471768,-79.38157640000001,Bulldog On The Block,43.65065218852629,-79.38414092873634,Coffee Shop
11056,Toronto Dominion Centre / Design Exchange-Toronto,43.6471768,-79.38157640000001,Starbucks,43.645594,-79.386063,Coffee Shop
11058,Brockton / Parkdale Village / Exhibition Place-Toronto,43.6368472,-79.42819140000002,Starbucks,43.63909,-79.427622,Coffee Shop
11061,Brockton / Parkdale Village / Exhibition Place-Toronto,43.6368472,-79.42819140000002,Louie Craft Coffee,43.639283775543895,-79.42561998986335,Coffee Shop
11097,India Bazaar / The Beaches West-Toronto,43.6689985,-79.31557159999998,Country Style,43.667662,-79.312006,Coffee Shop
11103,Commerce Court / Victoria Hotel-Toronto,43.6481985,-79.37981690000002,Pilot Coffee Roasters,43.648835391245896,-79.3809358125033,Coffee Shop
11118,Commerce Court / Victoria Hotel-Toronto,43.6481985,-79.37981690000002,Dineen @CommerceCourt,43.648250543365556,-79.38012728220869,Coffee Shop
11125,Commerce Court / Victoria Hotel-Toronto,43.6481985,-79.37981690000002,Starbucks,43.647261,-79.378599,Coffee Shop
11129,Commerce Court / Victoria Hotel-Toronto,43.6481985,-79.37981690000002,Starbucks,43.649328,-79.378339,Coffee Shop
11140,Commerce Court / Victoria Hotel-Toronto,43.6481985,-79.37981690000002,Pilot Coffee Roasters,43.64501814464698,-79.3804150931199,Coffee Shop
11151,Commerce Court / Victoria Hotel-Toronto,43.6481985,-79.37981690000002,Starbucks,43.646731,-79.383951,Coffee Shop
11152,Commerce Court / Victoria Hotel-Toronto,43.6481985,-79.37981690000002,Starbucks,43.64902831957521,-79.38159290007317,Coffee Shop
11164,Commerce Court / Victoria Hotel-Toronto,43.6481985,-79.37981690000002,Starbucks,43.646516,-79.380059,Coffee Shop
11166,Commerce Court / Victoria Hotel-Toronto,43.6481985,-79.37981690000002,Starbucks,43.650159,-79.377793,Coffee Shop
11179,Commerce Court / Victoria Hotel-Toronto,43.6481985,-79.37981690000002,Starbucks,43.647192603955325,-79.38095685671752,Coffee Shop
11196,Commerce Court / Victoria Hotel-Toronto,43.6481985,-79.37981690000002,Starbucks,43.646890531355616,-79.38187054975934,Coffee Shop
11197,Commerce Court / Victoria Hotel-Toronto,43.6481985,-79.37981690000002,Sam James Coffee Bar (SJCB),43.65031871629752,-79.37621650642859,Coffee Shop
11202,Studio District-Toronto,43.6595255,-79.340923,Te Aro,43.66137281675049,-79.33857736283377,Coffee Shop
11206,Studio District-Toronto,43.6595255,-79.340923,Mercury Espresso Bar,43.66080615235188,-79.34124064841119,Coffee Shop
11220,Studio District-Toronto,43.6595255,-79.340923,Starbucks,43.660742,-79.342362,Coffee Shop
11289,North Toronto West-Toronto,43.7153834,-79.40567840000001,Starbucks,43.71559,-79.40045,Coffee Shop
11294,North Toronto West-Toronto,43.7153834,-79.40567840000001,Tim Hortons,43.71489400011398,-79.39977586269379,Coffee Shop
11307,The Annex / North Midtown / Yorkville-Toronto,43.6727097,-79.40567840000001,Creeds Coffee Bar,43.67410020855885,-79.41083780404273,Coffee Shop
11321,The Annex / North Midtown / Yorkville-Toronto,43.6727097,-79.40567840000001,Tim Hortons,43.67579963362535,-79.40353178302757,Coffee Shop
11330,Parkdale / Roncesvalles-Toronto,43.6489597,-79.456325,Reunion Island Coffee Bar,43.65046251706493,-79.45060981846792,Coffee Shop
11344,Davisville-Toronto,43.7043244,-79.3887901,Starbucks,43.70594,-79.38941,Coffee Shop
11360,Davisville-Toronto,43.7043244,-79.3887901,Second Cup,43.704344001380505,-79.38865888961692,Coffee Shop
11413,Runnymede / Swansea-Toronto,43.6515706,-79.4844499,Wibke's Espresso Bar,43.64913158497341,-79.48480237071465,Coffee Shop
11435,Runnymede / Swansea-Toronto,43.6515706,-79.4844499,Tim Hortons,43.648525791237965,-79.48506608605385,Coffee Shop
11449,Runnymede / Swansea-Toronto,43.6515706,-79.4844499,The Coffee Bouquets,43.648785,-79.48594,Coffee Shop
11465,Kensington Market / Chinatown / Grange Park-Toronto,43.6532057,-79.4000493,Little Pebbles,43.654883,-79.400264,Coffee Shop
11497,Kensington Market / Chinatown / Grange Park-Toronto,43.6532057,-79.4000493,I Deal Coffee,43.65505778213131,-79.40325401691655,Coffee Shop
11498,Kensington Market / Chinatown / Grange Park-Toronto,43.6532057,-79.4000493,Dark Horse Espresso Bar,43.65056381026066,-79.39701810600826,Coffee Shop
11526,Kensington Market / Chinatown / Grange Park-Toronto,43.6532057,-79.4000493,Tim Hortons,43.6533029125017,-79.4054567813873,Coffee Shop
11537,Summerhill West / Rathnelly / South Hill / Forest Hill SE / Deer Park-Toronto,43.68641229999999,-79.4000493,Starbucks,43.686756,-79.398292,Coffee Shop
11538,Summerhill West / Rathnelly / South Hill / Forest Hill SE / Deer Park-Toronto,43.68641229999999,-79.4000493,Tim Hortons,43.687682,-79.39684,Coffee Shop
11597,Stn A PO Boxes-Toronto,43.6464352,-79.37484599999998,Everyday Gourmet (Teas & Coffees),43.64875714757637,-79.37164539765817,Coffee Shop
11604,Stn A PO Boxes-Toronto,43.6464352,-79.37484599999998,Starbucks,43.647261,-79.378599,Coffee Shop
11621,Stn A PO Boxes-Toronto,43.6464352,-79.37484599999998,Tim Hortons,43.64795486604762,-79.37383309017605,Coffee Shop
11622,Stn A PO Boxes-Toronto,43.6464352,-79.37484599999998,Pilot Coffee Roasters,43.64501814464698,-79.3804150931199,Coffee Shop
11628,Stn A PO Boxes-Toronto,43.6464352,-79.37484599999998,Starbucks,43.648738309887705,-79.37251925468443,Coffee Shop
11636,Stn A PO Boxes-Toronto,43.6464352,-79.37484599999998,Dineen @CommerceCourt,43.648250543365556,-79.38012728220869,Coffee Shop
11639,Stn A PO Boxes-Toronto,43.6464352,-79.37484599999998,Starbucks,43.649328,-79.378339,Coffee Shop
11645,Stn A PO Boxes-Toronto,43.6464352,-79.37484599999998,Sam James Coffee Bar (SJCB),43.65031871629752,-79.37621650642859,Coffee Shop
11653,Stn A PO Boxes-Toronto,43.6464352,-79.37484599999998,Starbucks,43.650159,-79.377793,Coffee Shop
11656,Stn A PO Boxes-Toronto,43.6464352,-79.37484599999998,Starbucks,43.646516,-79.380059,Coffee Shop
11658,Stn A PO Boxes-Toronto,43.6464352,-79.37484599999998,Tim Hortons,43.646255967524645,-79.37957346439356,Coffee Shop
11661,Stn A PO Boxes-Toronto,43.6464352,-79.37484599999998,Starbucks,43.647192603955325,-79.38095685671752,Coffee Shop
11685,St. James Town / Cabbagetown-Toronto,43.667967,-79.3676753,Jetfuel Coffee,43.66529519392083,-79.3683345416816,Coffee Shop
11691,St. James Town / Cabbagetown-Toronto,43.667967,-79.3676753,Tim Hortons,43.66716925802294,-79.36884865164751,Coffee Shop
11695,St. James Town / Cabbagetown-Toronto,43.667967,-79.3676753,Tim Hortons,43.665785871990316,-79.36828404664993,Coffee Shop
11708,First Canadian Place / Underground city-Toronto,43.6484292,-79.3822802,Pilot Coffee Roasters,43.648835391245896,-79.3809358125033,Coffee Shop
11719,First Canadian Place / Underground city-Toronto,43.6484292,-79.3822802,Starbucks,43.646731,-79.383951,Coffee Shop
11721,First Canadian Place / Underground city-Toronto,43.6484292,-79.3822802,Dineen @CommerceCourt,43.648250543365556,-79.38012728220869,Coffee Shop
11756,First Canadian Place / Underground city-Toronto,43.6484292,-79.3822802,M Square Coffee Co,43.65121797253777,-79.38355459932247,Coffee Shop
11761,First Canadian Place / Underground city-Toronto,43.6484292,-79.3822802,Starbucks,43.64902831957521,-79.38159290007317,Coffee Shop
11763,First Canadian Place / Underground city-Toronto,43.6484292,-79.3822802,Bulldog On The Block,43.65065218852629,-79.38414092873634,Coffee Shop
11768,First Canadian Place / Underground city-Toronto,43.6484292,-79.3822802,Pilot Coffee Roasters,43.64501814464698,-79.3804150931199,Coffee Shop
11775,First Canadian Place / Underground city-Toronto,43.6484292,-79.3822802,Starbucks,43.647261,-79.378599,Coffee Shop
11791,First Canadian Place / Underground city-Toronto,43.6484292,-79.3822802,Starbucks,43.649328,-79.378339,Coffee Shop
11795,First Canadian Place / Underground city-Toronto,43.6484292,-79.3822802,Starbucks,43.647192603955325,-79.38095685671752,Coffee Shop
11799,First Canadian Place / Underground city-Toronto,43.6484292,-79.3822802,Tim Hortons,43.6468622,-79.3825442,Coffee Shop
11802,First Canadian Place / Underground city-Toronto,43.6484292,-79.3822802,Starbucks,43.646890531355616,-79.38187054975934,Coffee Shop
11829,Church and Wellesley-Toronto,43.6658599,-79.38315990000002,Starbucks,43.66498,-79.38051,Coffee Shop
11833,Church and Wellesley-Toronto,43.6658599,-79.38315990000002,Piedmont Coffee Bar,43.66828640594333,-79.38252026711419,Coffee Shop
11857,Church and Wellesley-Toronto,43.6658599,-79.38315990000002,Rooster Coffee House,43.66965378571954,-79.379870566686,Coffee Shop
11872,Church and Wellesley-Toronto,43.6658599,-79.38315990000002,The Drink,43.66416675815651,-79.3801489917456,Coffee Shop
11882,Church and Wellesley-Toronto,43.6658599,-79.38315990000002,Croissant Tree,43.66957516951418,-79.3823307429487,Coffee Shop
